,eo_code,interval_motohours,maint_interval,tr_service_interval,downtime_plan,man_hours,maintanance_start_datetime,maintanance_finish_datetime,maintanance_start_date,next_maintanance_datetime,days_between_maintanance
0,sl_730_2,250.0,250.0,250.0,0.5681818181818182,1.0227272727272727,2024-09-13 06:07:41.454545,2024-09-13 06:41:46.909090,2024-09-13,2024-09-25 12:15:22.909090,12 days 06:07:41.454545
1,sl_730_2,250.0,250.0,500.0,1.1363636363636365,2.0454545454545454,2024-09-25 12:49:28.363636,2024-09-25 13:57:39.272727,2024-09-25,2024-10-07 19:31:15.272727,12 days 06:41:46.909091
2,sl_730_2,250.0,250.0,750.0,1.7045454545454546,3.0681818181818183,2024-10-07 20:05:20.727272,2024-10-07 21:47:37.090908,2024-10-07,2024-10-20 03:21:13.090908,12 days 07:15:52.363636
3,sl_730_2,250.0,250.0,1000.0,2.272727272727273,4.090909090909091,2024-10-20 03:55:18.545454,2024-10-20 06:11:40.363636,2024-10-20,2024-11-01 11:45:16.363636,12 days 07:49:57.818182
4,sl_730_2,250.0,250.0,1250.0,2.8409090909090913,5.113636363636363,2024-11-01 12:19:21.818181,2024-11-01 15:09:49.090908,2024-11-01,2024-11-13 20:43:25.090908,12 days 08:24:03.272727
5,sl_730_2,250.0,250.0,1500.0,3.4090909090909096,6.136363636363636,2024-11-13 21:17:30.545454,2024-11-14 00:42:03.272727,2024-11-13,2024-11-26 06:15:39.272727,12 days 08:58:08.727273
6,sl_730_2,250.0,250.0,1750.0,3.977272727272728,7.159090909090908,2024-11-26 06:49:44.727272,2024-11-26 10:48:22.909090,2024-11-26,2024-12-08 16:21:58.909090,12 days 09:32:14.181818
7,sl_730_2,250.0,250.0,2000.0,4.545454545454546,8.181818181818182,2024-12-08 16:56:04.363636,2024-12-08 21:28:48.000000,2024-12-08,2024-12-21 03:02:24.000000,12 days 10:06:19.636364
8,sl_730_2,250.0,250.0,2250.0,5.113636363636364,9.204545454545455,2024-12-21 03:36:29.454545,2024-12-21 08:43:18.545454,2024-12-21,2025-01-02 14:16:54.545454,12 days 10:40:25.090909
9,sl_730_2,250.0,250.0,2500.0,5.6818181818181825,10.227272727272728,2025-01-02 14:51:00.000000,2025-01-02 20:31:54.545455,2025-01-02,2025-01-15 02:05:30.545455,12 days 11:14:30.545455
10,sl_730_2,250.0,250.0,2750.0,6.250000000000001,11.250000000000002,2025-01-15 02:39:36.000000,2025-01-15 08:54:36.000000,2025-01-15,2025-01-27 14:28:12.000000,12 days 11:48:36
11,sl_730_2,250.0,250.0,3000.0,6.818181818181819,12.272727272727275,2025-01-27 15:02:17.454545,2025-01-27 21:51:22.909090,2025-01-27,2025-02-09 03:24:58.909090,12 days 12:22:41.454545
12,sl_730_2,250.0,250.0,3250.0,7.386363636363638,13.295454545454549,2025-02-09 03:59:04.363636,2025-02-09 11:22:15.272727,2025-02-09,2025-02-21 16:55:51.272727,12 days 12:56:46.909091
13,sl_730_2,250.0,250.0,3500.0,7.954545454545456,14.318181818181822,2025-02-21 17:29:56.727272,2025-02-22 01:27:13.090908,2025-02-21,2025-03-06 07:00:49.090908,12 days 13:30:52.363636
14,sl_730_2,250.0,250.0,3750.0,8.522727272727273,15.340909090909095,2025-03-06 07:34:54.545454,2025-03-06 16:06:16.363636,2025-03-06,2025-03-18 21:39:52.363636,12 days 14:04:57.818182
15,sl_730_2,250.0,250.0,4000.0,9.090909090909092,16.363636363636367,2025-03-18 22:13:57.818181,2025-03-19 07:19:25.090908,2025-03-18,2025-03-31 12:53:01.090908,12 days 14:39:03.272727
16,sl_730_2,250.0,250.0,4250.0,9.65909090909091,17.38636363636364,2025-03-31 13:27:06.545454,2025-03-31 23:06:39.272727,2025-03-31,2025-04-13 04:40:15.272727,12 days 15:13:08.727273
17,sl_730_2,250.0,250.0,4500.0,10.227272727272728,18.409090909090914,2025-04-13 05:14:20.727272,2025-04-13 15:27:58.909090,2025-04-13,2025-04-25 21:01:34.909090,12 days 15:47:14.181818
18,sl_730_2,250.0,250.0,4750.0,10.795454545454547,19.431818181818187,2025-04-25 21:35:40.363636,2025-04-26 08:23:24.000000,2025-04-25,2025-05-08 13:57:00.000000,12 days 16:21:19.636364
19,sl_730_2,250.0,250.0,5000.0,11.363636363636365,20.45454545454546,2025-05-08 14:31:05.454545,2025-05-09 01:52:54.545454,2025-05-08,2025-05-21 07:26:30.545454,12 days 16:55:25.090909
20,sl_730_2,250.0,250.0,5250.0,11.931818181818183,21.477272727272734,2025-05-21 08:00:36.000000,2025-05-21 19:56:30.545455,2025-05-21,2025-06-03 01:30:06.545455,12 days 17:29:30.545455
21,sl_730_2,250.0,250.0,5500.0,12.500000000000002,22.500000000000007,2025-06-03 02:04:12.000000,2025-06-03 14:34:12.000000,2025-06-03,2025-06-15 20:07:48.000000,12 days 18:03:36
22,sl_730_2,250.0,250.0,5750.0,13.06818181818182,23.52272727272728,2025-06-15 20:41:53.454545,2025-06-16 09:45:58.909090,2025-06-15,2025-06-28 15:19:34.909090,12 days 18:37:41.454545
23,sl_730_2,250.0,250.0,6000.0,13.636363636363638,24.545454545454554,2025-06-28 15:53:40.363636,2025-06-29 05:31:51.272727,2025-06-28,2025-07-11 11:05:27.272727,12 days 19:11:46.909091
24,sl_730_2,250.0,250.0,6250.0,14.204545454545457,25.568181818181827,2025-07-11 11:39:32.727272,2025-07-12 01:51:49.090908,2025-07-11,2025-07-24 07:25:25.090908,12 days 19:45:52.363636
25,sl_730_2,250.0,250.0,6500.0,14.772727272727275,26.5909090909091,2025-07-24 07:59:30.545454,2025-07-24 22:45:52.363636,2025-07-24,2025-08-06 04:19:28.363636,12 days 20:19:57.818182
26,sl_730_2,250.0,250.0,6750.0,15.340909090909093,27.613636363636374,2025-08-06 04:53:33.818181,2025-08-06 20:14:01.090908,2025-08-06,2025-08-19 01:47:37.090908,12 days 20:54:03.272727
27,sl_730_2,250.0,250.0,7000.0,15.909090909090912,28.636363636363647,2025-08-19 02:21:42.545454,2025-08-19 18:16:15.272727,2025-08-19,2025-08-31 23:49:51.272727,12 days 21:28:08.727273
28,sl_730_2,250.0,250.0,7250.0,16.47727272727273,29.65909090909092,2025-09-01 00:23:56.727272,2025-09-01 16:52:34.909090,2025-09-01,2025-09-13 22:26:10.909090,12 days 22:02:14.181818
29,sl_730_2,250.0,250.0,7500.0,17.045454545454547,30.681818181818194,2025-09-13 23:00:16.363636,2025-09-14 16:03:00.000000,2025-09-13,2025-09-26 21:36:36.000000,12 days 22:36:19.636364
30,sl_730_2,250.0,250.0,7750.0,17.613636363636363,31.704545454545467,2025-09-26 22:10:41.454545,2025-09-27 15:47:30.545454,2025-09-26,2025-10-09 21:21:06.545454,12 days 23:10:25.090909
31,sl_730_2,250.0,250.0,8000.0,18.18181818181818,32.72727272727274,2025-10-09 21:55:12.000000,2025-10-10 16:06:06.545455,2025-10-09,2025-10-22 21:39:42.545455,12 days 23:44:30.545455
32,sl_730_2,250.0,250.0,8250.0,18.749999999999996,33.750000000000014,2025-10-22 22:13:48.000000,2025-10-23 16:58:48.000000,2025-10-22,2025-11-04 22:32:24.000000,13 days 00:18:36
33,sl_730_2,250.0,250.0,8500.0,19.318181818181813,34.77272727272729,2025-11-04 23:06:29.454545,2025-11-05 18:25:34.909090,2025-11-04,2025-11-17 23:59:10.909090,13 days 00:52:41.454545
34,sl_730_2,250.0,250.0,8750.0,19.88636363636363,35.79545454545456,2025-11-18 00:33:16.363636,2025-11-18 20:26:27.272727,2025-11-18,2025-12-01 02:00:03.272727,13 days 01:26:46.909091
35,sl_730_2,250.0,250.0,9000.0,20.454545454545446,36.818181818181834,2025-12-01 02:34:08.727272,2025-12-01 23:01:25.090908,2025-12-01,2025-12-14 04:35:01.090908,13 days 02:00:52.363636
36,sl_730_2,250.0,250.0,9250.0,21.022727272727263,37.84090909090911,2025-12-14 05:09:06.545454,2025-12-15 02:10:28.363636,2025-12-14,2025-12-27 07:44:04.363636,13 days 02:34:57.818182
37,sl_730_2,250.0,250.0,9500.0,21.59090909090908,38.86363636363638,2025-12-27 08:18:09.818181,2025-12-28 05:53:37.090908,2025-12-27,2026-01-09 11:27:13.090908,13 days 03:09:03.272727
38,sl_730_2,250.0,250.0,9750.0,22.159090909090896,39.886363636363654,2026-01-09 12:01:18.545454,2026-01-10 10:10:51.272727,2026-01-09,2026-01-22 15:44:27.272727,13 days 03:43:08.727273
39,sl_730_2,250.0,250.0,10000.0,22.727272727272712,40.90909090909093,2026-01-22 16:18:32.727272,2026-01-23 15:02:10.909090,2026-01-22,2026-02-04 20:35:46.909090,13 days 04:17:14.181818
40,sl_730_2,250.0,250.0,10250.0,23.29545454545453,41.9318181818182,2026-02-04 21:09:52.363636,2026-02-05 20:27:36.000000,2026-02-04,2026-02-18 02:01:12.000000,13 days 04:51:19.636364
41,sl_730_2,250.0,250.0,10500.0,23.863636363636346,42.954545454545475,2026-02-18 02:35:17.454545,2026-02-19 02:27:06.545454,2026-02-18,2026-03-03 08:00:42.545454,13 days 05:25:25.090909
42,sl_730_2,250.0,250.0,10750.0,24.431818181818162,43.97727272727275,2026-03-03 08:34:48.000000,2026-03-04 09:00:42.545455,2026-03-03,2026-03-16 14:34:18.545455,13 days 05:59:30.545455
43,sl_730_2,250.0,250.0,11000.0,24.99999999999998,45.00000000000002,2026-03-16 15:08:24.000000,2026-03-17 16:08:24.000000,2026-03-16,2026-03-29 21:42:00.000000,13 days 06:33:36
44,sl_730_2,250.0,250.0,11250.0,25.568181818181795,46.022727272727295,2026-03-29 22:16:05.454545,2026-03-30 23:50:10.909090,2026-03-29,2026-04-12 05:23:46.909090,13 days 07:07:41.454545
45,sl_730_2,250.0,250.0,11500.0,26.136363636363612,47.04545454545457,2026-04-12 05:57:52.363636,2026-04-13 08:06:03.272727,2026-04-12,2026-04-25 13:39:39.272727,13 days 07:41:46.909091
46,sl_730_2,250.0,250.0,11750.0,26.70454545454543,48.06818181818184,2026-04-25 14:13:44.727272,2026-04-26 16:56:01.090908,2026-04-25,2026-05-08 22:29:37.090908,13 days 08:15:52.363636
47,sl_730_2,250.0,250.0,12000.0,27.272727272727245,49.090909090909115,2026-05-08 23:03:42.545454,2026-05-10 02:20:04.363636,2026-05-08,2026-05-22 07:53:40.363636,13 days 08:49:57.818182
48,sl_730_2,250.0,250.0,12250.0,27.84090909090906,50.11363636363639,2026-05-22 08:27:45.818181,2026-05-23 12:18:13.090908,2026-05-22,2026-06-04 17:51:49.090908,13 days 09:24:03.272727
49,sl_730_2,250.0,250.0,12500.0,28.409090909090878,51.13636363636366,2026-06-04 18:25:54.545454,2026-06-05 22:50:27.272727,2026-06-04,2026-06-18 04:24:03.272727,13 days 09:58:08.727273
50,sl_730_2,250.0,250.0,12750.0,28.977272727272695,52.159090909090935,2026-06-18 04:58:08.727272,2026-06-19 09:56:46.909090,2026-06-18,2026-07-01 15:30:22.909090,13 days 10:32:14.181818
51,sl_730_2,250.0,250.0,13000.0,29.54545454545451,53.18181818181821,2026-07-01 16:04:28.363636,2026-07-02 21:37:12.000000,2026-07-01,2026-07-15 03:10:48.000000,13 days 11:06:19.636364
52,sl_730_2,250.0,250.0,13250.0,30.113636363636328,54.20454545454548,2026-07-15 03:44:53.454545,2026-07-16 09:51:42.545454,2026-07-15,2026-07-28 15:25:18.545454,13 days 11:40:25.090909
53,sl_730_2,250.0,250.0,13500.0,30.681818181818144,55.227272727272755,2026-07-28 15:59:24.000000,2026-07-29 22:40:18.545455,2026-07-28,2026-08-11 04:13:54.545455,13 days 12:14:30.545455
54,sl_730_2,250.0,250.0,13750.0,31.24999999999996,56.25000000000003,2026-08-11 04:48:00.000000,2026-08-12 12:03:00.000000,2026-08-11,2026-08-24 17:36:36.000000,13 days 12:48:36
55,sl_730_2,250.0,250.0,14000.0,31.818181818181777,57.2727272727273,2026-08-24 18:10:41.454545,2026-08-26 01:59:46.909090,2026-08-24,2026-09-07 07:33:22.909090,13 days 13:22:41.454545
56,sl_730_2,250.0,250.0,14250.0,32.3863636363636,58.295454545454575,2026-09-07 08:07:28.363636,2026-09-08 16:30:39.272727,2026-09-07,2026-09-20 22:04:15.272727,13 days 13:56:46.909091
57,sl_730_2,250.0,250.0,14500.0,32.95454545454542,59.31818181818185,2026-09-20 22:38:20.727272,2026-09-22 07:35:37.090908,2026-09-20,2026-10-04 13:09:13.090908,13 days 14:30:52.363636
58,sl_730_2,250.0,250.0,14750.0,33.52272727272724,60.34090909090912,2026-10-04 13:43:18.545454,2026-10-05 23:14:40.363636,2026-10-04,2026-10-18 04:48:16.363636,13 days 15:04:57.818182
59,sl_730_2,250.0,250.0,15000.0,34.09090909090906,61.363636363636395,2026-10-18 05:22:21.818181,2026-10-19 15:27:49.090908,2026-10-18,2026-10-31 21:01:25.090908,13 days 15:39:03.272727
60,sl_730_2,250.0,250.0,15250.0,34.65909090909088,62.38636363636367,2026-10-31 21:35:30.545454,2026-11-02 08:15:03.272727,2026-10-31,2026-11-14 13:48:39.272727,13 days 16:13:08.727273
61,sl_730_2,250.0,250.0,15500.0,35.2272727272727,63.40909090909094,2026-11-14 14:22:44.727272,2026-11-16 01:36:22.909090,2026-11-14,2026-11-28 07:09:58.909090,13 days 16:47:14.181818
62,sl_730_2,250.0,250.0,15750.0,35.79545454545452,64.43181818181822,2026-11-28 07:44:04.363636,2026-11-29 19:31:48.000000,2026-11-28,2026-12-12 01:05:24.000000,13 days 17:21:19.636364
63,sl_730_2,250.0,250.0,16000.0,36.36363636363634,65.45454545454548,2026-12-12 01:39:29.454545,2026-12-13 14:01:18.545454,2026-12-12,2026-12-25 19:34:54.545454,13 days 17:55:25.090909
64,sl_730_2,250.0,250.0,16250.0,36.93181818181816,66.47727272727275,2026-12-25 20:09:00.000000,2026-12-27 09:04:54.545455,2026-12-25,2027-01-08 14:38:30.545455,13 days 18:29:30.545455
65,sl_730_2,250.0,250.0,16500.0,37.49999999999998,67.50000000000001,2027-01-08 15:12:36.000000,2027-01-10 04:42:36.000000,2027-01-08,2027-01-22 10:16:12.000000,13 days 19:03:36
66,sl_730_2,250.0,250.0,16750.0,38.0681818181818,68.52272727272728,2027-01-22 10:50:17.454545,2027-01-24 00:54:22.909090,2027-01-22,2027-02-05 06:27:58.909090,13 days 19:37:41.454545
67,sl_730_2,250.0,250.0,17000.0,38.63636363636362,69.54545454545455,2027-02-05 07:02:04.363636,2027-02-06 21:40:15.272727,2027-02-05,2027-02-19 03:13:51.272727,13 days 20:11:46.909091
68,sl_730_2,250.0,250.0,17250.0,39.20454545454544,70.56818181818181,2027-02-19 03:47:56.727272,2027-02-20 19:00:13.090908,2027-02-19,2027-03-05 00:33:49.090908,13 days 20:45:52.363636
69,sl_730_2,250.0,250.0,17500.0,39.77272727272726,71.59090909090908,2027-03-05 01:07:54.545454,2027-03-06 16:54:16.363636,2027-03-05,2027-03-18 22:27:52.363636,13 days 21:19:57.818182
70,sl_730_2,250.0,250.0,17750.0,40.34090909090908,72.61363636363635,2027-03-18 23:01:57.818181,2027-03-20 15:22:25.090908,2027-03-18,2027-04-01 20:56:01.090908,13 days 21:54:03.272727
71,sl_730_2,250.0,250.0,18000.0,40.9090909090909,73.63636363636361,2027-04-01 21:30:06.545454,2027-04-03 14:24:39.272727,2027-04-01,2027-04-15 19:58:15.272727,13 days 22:28:08.727273
72,sl_730_2,250.0,250.0,18250.0,41.47727272727272,74.65909090909088,2027-04-15 20:32:20.727272,2027-04-17 14:00:58.909090,2027-04-15,2027-04-29 19:34:34.909090,13 days 23:02:14.181818
73,sl_730_2,250.0,250.0,18500.0,42.04545454545454,75.68181818181814,2027-04-29 20:08:40.363636,2027-05-01 14:11:24.000000,2027-04-29,2027-05-13 19:45:00.000000,13 days 23:36:19.636364
74,sl_730_2,250.0,250.0,18750.0,42.61363636363636,76.70454545454541,2027-05-13 20:19:05.454545,2027-05-15 14:55:54.545454,2027-05-13,2027-05-27 20:29:30.545454,14 days 00:10:25.090909
75,sl_730_2,250.0,250.0,19000.0,43.18181818181818,77.72727272727268,2027-05-27 21:03:36.000000,2027-05-29 16:14:30.545455,2027-05-27,2027-06-10 21:48:06.545455,14 days 00:44:30.545455
76,sl_730_2,250.0,250.0,19250.0,43.75,78.74999999999994,2027-06-10 22:22:12.000000,2027-06-12 18:07:12.000000,2027-06-10,2027-06-24 23:40:48.000000,14 days 01:18:36
77,sl_730_2,250.0,250.0,19500.0,44.31818181818182,79.77272727272721,2027-06-25 00:14:53.454545,2027-06-26 20:33:58.909090,2027-06-25,2027-07-09 02:07:34.909090,14 days 01:52:41.454545
78,sl_730_2,250.0,250.0,19750.0,44.88636363636364,80.79545454545448,2027-07-09 02:41:40.363636,2027-07-10 23:34:51.272727,2027-07-09,2027-07-23 05:08:27.272727,14 days 02:26:46.909091
79,sl_730_2,250.0,250.0,20000.0,45.45454545454546,81.81818181818174,2027-07-23 05:42:32.727272,2027-07-25 03:09:49.090908,2027-07-23,2027-08-06 08:43:25.090908,14 days 03:00:52.363636
80,sl_730_2,250.0,250.0,20250.0,46.02272727272728,82.84090909090901,2027-08-06 09:17:30.545454,2027-08-08 07:18:52.363636,2027-08-06,2027-08-20 12:52:28.363636,14 days 03:34:57.818182
81,sl_730_2,250.0,250.0,20500.0,46.5909090909091,83.86363636363627,2027-08-20 13:26:33.818181,2027-08-22 12:02:01.090908,2027-08-20,2027-09-03 17:35:37.090908,14 days 04:09:03.272727
82,sl_730_2,250.0,250.0,20750.0,47.15909090909092,84.88636363636354,2027-09-03 18:09:42.545454,2027-09-05 17:19:15.272727,2027-09-03,2027-09-17 22:52:51.272727,14 days 04:43:08.727273
83,sl_730_2,250.0,250.0,21000.0,47.72727272727274,85.9090909090908,2027-09-17 23:26:56.727272,2027-09-19 23:10:34.909090,2027-09-17,2027-10-02 04:44:10.909090,14 days 05:17:14.181818
84,sl_730_2,250.0,250.0,21250.0,48.29545454545456,86.93181818181807,2027-10-02 05:18:16.363636,2027-10-04 05:36:00.000000,2027-10-02,2027-10-16 11:09:36.000000,14 days 05:51:19.636364
85,sl_730_2,250.0,250.0,21500.0,48.86363636363638,87.95454545454534,2027-10-16 11:43:41.454545,2027-10-18 12:35:30.545454,2027-10-16,2027-10-30 18:09:06.545454,14 days 06:25:25.090909
86,sl_730_2,250.0,250.0,21750.0,49.4318181818182,88.9772727272726,2027-10-30 18:43:12.000000,2027-11-01 20:09:06.545455,2027-10-30,2027-11-14 01:42:42.545455,14 days 06:59:30.545455
87,sl_730_2,250.0,250.0,22000.0,50.00000000000002,89.99999999999987,2027-11-14 02:16:48.000000,2027-11-16 04:16:48.000000,2027-11-14,2027-11-28 09:50:24.000000,14 days 07:33:36
88,sl_730_2,250.0,250.0,250.0,20.454545454545453,20.795454545454547,2027-11-27 04:17:40.363636,2027-11-28 00:44:56.727272,2027-11-27,2027-12-10 06:18:32.727272,13 days 02:00:52.363636
89,sl_730_2,250.0,250.0,500.0,20.909090909090907,21.590909090909093,2027-12-10 06:45:49.090909,2027-12-11 03:40:21.818182,2027-12-10,2027-12-23 09:13:57.818182,13 days 02:28:08.727273
90,sl_730_2,250.0,250.0,750.0,21.36363636363636,22.38636363636364,2027-12-23 09:41:14.181818,2027-12-24 07:03:03.272727,2027-12-23,2028-01-05 12:36:39.272727,13 days 02:55:25.090909
91,sl_730_2,250.0,250.0,1000.0,21.818181818181813,23.181818181818187,2028-01-05 13:03:55.636363,2028-01-06 10:53:01.090908,2028-01-05,2028-01-18 16:26:37.090908,13 days 03:22:41.454545
92,sl_730_2,250.0,250.0,1250.0,22.272727272727266,23.977272727272734,2028-01-18 16:53:53.454545,2028-01-19 15:10:15.272727,2028-01-18,2028-01-31 20:43:51.272727,13 days 03:49:57.818182
93,sl_730_2,250.0,250.0,1500.0,22.72727272727272,24.77272727272728,2028-01-31 21:11:07.636363,2028-02-01 19:54:45.818181,2028-01-31,2028-02-14 01:28:21.818181,13 days 04:17:14.181818
94,sl_730_2,250.0,250.0,1750.0,23.181818181818173,25.568181818181827,2028-02-14 01:55:38.181818,2028-02-15 01:06:32.727273,2028-02-14,2028-02-27 06:40:08.727273,13 days 04:44:30.545455
95,sl_730_2,250.0,250.0,2000.0,23.636363636363626,26.363636363636374,2028-02-27 07:07:25.090909,2028-02-28 06:45:36.000000,2028-02-27,2028-03-11 12:19:12.000000,13 days 05:11:46.909091
96,sl_730_2,250.0,250.0,2250.0,24.09090909090908,27.15909090909092,2028-03-11 12:46:28.363636,2028-03-12 12:51:55.636363,2028-03-11,2028-03-24 18:25:31.636363,13 days 05:39:03.272727
97,sl_730_2,250.0,250.0,2500.0,24.545454545454533,27.954545454545467,2028-03-24 18:52:48.000000,2028-03-25 19:25:31.636364,2028-03-24,2028-04-07 00:59:07.636364,13 days 06:06:19.636364
98,sl_730_2,250.0,250.0,2750.0,24.999999999999986,28.750000000000014,2028-04-07 01:26:24.000000,2028-04-08 02:26:24.000000,2028-04-07,2028-04-20 08:00:00.000000,13 days 06:33:36
99,sl_730_2,250.0,250.0,3000.0,25.45454545454544,29.54545454545456,2028-04-20 08:27:16.363636,2028-04-21 09:54:32.727272,2028-04-20,2028-05-03 15:28:08.727272,13 days 07:00:52.363636
100,sl_730_2,250.0,250.0,3250.0,25.909090909090892,30.340909090909108,2028-05-03 15:55:25.090909,2028-05-04 17:49:57.818182,2028-05-03,2028-05-16 23:23:33.818182,13 days 07:28:08.727273
101,sl_730_2,250.0,250.0,3500.0,26.363636363636346,31.136363636363654,2028-05-16 23:50:50.181818,2028-05-18 02:12:39.272727,2028-05-16,2028-05-30 07:46:15.272727,13 days 07:55:25.090909
102,sl_730_2,250.0,250.0,3750.0,26.8181818181818,31.9318181818182,2028-05-30 08:13:31.636363,2028-05-31 11:02:37.090908,2028-05-30,2028-06-12 16:36:13.090908,13 days 08:22:41.454545
103,sl_730_2,250.0,250.0,4000.0,27.272727272727252,32.72727272727275,2028-06-12 17:03:29.454545,2028-06-13 20:19:51.272727,2028-06-12,2028-06-26 01:53:27.272727,13 days 08:49:57.818182
104,sl_730_2,250.0,250.0,4250.0,27.727272727272705,33.522727272727295,2028-06-26 02:20:43.636363,2028-06-27 06:04:21.818181,2028-06-26,2028-07-09 11:37:57.818181,13 days 09:17:14.181818
105,sl_730_2,250.0,250.0,4500.0,28.18181818181816,34.31818181818184,2028-07-09 12:05:14.181818,2028-07-10 16:16:08.727273,2028-07-09,2028-07-22 21:49:44.727273,13 days 09:44:30.545455
106,sl_730_2,250.0,250.0,4750.0,28.636363636363612,35.11363636363639,2028-07-22 22:17:01.090909,2028-07-24 02:55:12.000000,2028-07-22,2028-08-05 08:28:48.000000,13 days 10:11:46.909091
107,sl_730_2,250.0,250.0,5000.0,29.090909090909065,35.909090909090935,2028-08-05 08:56:04.363636,2028-08-06 14:01:31.636363,2028-08-05,2028-08-18 19:35:07.636363,13 days 10:39:03.272727
108,sl_730_2,250.0,250.0,5250.0,29.54545454545452,36.70454545454548,2028-08-18 20:02:24.000000,2028-08-20 01:35:07.636364,2028-08-18,2028-09-01 07:08:43.636364,13 days 11:06:19.636364
109,sl_730_2,250.0,250.0,5500.0,29.99999999999997,37.50000000000003,2028-09-01 07:36:00.000000,2028-09-02 13:36:00.000000,2028-09-01,2028-09-14 19:09:36.000000,13 days 11:33:36
110,sl_730_2,250.0,250.0,5750.0,30.454545454545425,38.295454545454575,2028-09-14 19:36:52.363636,2028-09-16 02:04:08.727272,2028-09-14,2028-09-28 07:37:44.727272,13 days 12:00:52.363636
111,sl_730_2,250.0,250.0,6000.0,30.909090909090878,39.09090909090912,2028-09-28 08:05:01.090909,2028-09-29 14:59:33.818182,2028-09-28,2028-10-11 20:33:09.818182,13 days 12:28:08.727273
112,sl_730_2,250.0,250.0,6250.0,31.36363636363633,39.88636363636367,2028-10-11 21:00:26.181818,2028-10-13 04:22:15.272727,2028-10-11,2028-10-25 09:55:51.272727,13 days 12:55:25.090909
113,sl_730_2,250.0,250.0,6500.0,31.818181818181785,40.681818181818215,2028-10-25 10:23:07.636363,2028-10-26 18:12:13.090908,2028-10-25,2028-11-07 23:45:49.090908,13 days 13:22:41.454545
114,sl_730_2,250.0,250.0,6750.0,32.27272727272724,41.47727272727276,2028-11-08 00:13:05.454545,2028-11-09 08:29:27.272727,2028-11-08,2028-11-21 14:03:03.272727,13 days 13:49:57.818182
115,sl_730_2,250.0,250.0,7000.0,32.72727272727269,42.27272727272731,2028-11-21 14:30:19.636363,2028-11-22 23:13:57.818181,2028-11-21,2028-12-05 04:47:33.818181,13 days 14:17:14.181818
116,sl_730_2,250.0,250.0,7250.0,33.181818181818144,43.068181818181856,2028-12-05 05:14:50.181818,2028-12-06 14:25:44.727273,2028-12-05,2028-12-18 19:59:20.727273,13 days 14:44:30.545455
117,sl_730_2,250.0,250.0,7500.0,33.6363636363636,43.8636363636364,2028-12-18 20:26:37.090909,2028-12-20 06:04:48.000000,2028-12-18,2029-01-01 11:38:24.000000,13 days 15:11:46.909091
118,sl_730_2,250.0,250.0,7750.0,34.09090909090905,44.65909090909095,2029-01-01 12:05:40.363636,2029-01-02 22:11:07.636363,2029-01-01,2029-01-15 03:44:43.636363,13 days 15:39:03.272727
119,sl_730_2,250.0,250.0,8000.0,34.545454545454504,45.454545454545496,2029-01-15 04:12:00.000000,2029-01-16 14:44:43.636364,2029-01-15,2029-01-28 20:18:19.636364,13 days 16:06:19.636364
120,sl_730_2,250.0,250.0,8250.0,34.99999999999996,46.25000000000004,2029-01-28 20:45:36.000000,2029-01-30 07:45:36.000000,2029-01-28,2029-02-11 13:19:12.000000,13 days 16:33:36
121,sl_730_2,250.0,250.0,8500.0,35.45454545454541,47.04545454545459,2029-02-11 13:46:28.363636,2029-02-13 01:13:44.727272,2029-02-11,2029-02-25 06:47:20.727272,13 days 17:00:52.363636
122,sl_730_2,250.0,250.0,8750.0,35.909090909090864,47.840909090909136,2029-02-25 07:14:37.090909,2029-02-26 19:09:09.818182,2029-02-25,2029-03-11 00:42:45.818182,13 days 17:28:08.727273
123,sl_730_2,250.0,250.0,9000.0,36.36363636363632,48.63636363636368,2029-03-11 01:10:02.181818,2029-03-12 13:31:51.272727,2029-03-11,2029-03-24 19:05:27.272727,13 days 17:55:25.090909
124,sl_730_2,250.0,250.0,9250.0,36.81818181818177,49.43181818181823,2029-03-24 19:32:43.636363,2029-03-26 08:21:49.090908,2029-03-24,2029-04-07 13:55:25.090908,13 days 18:22:41.454545
125,sl_730_2,250.0,250.0,9500.0,37.272727272727224,50.227272727272776,2029-04-07 14:22:41.454545,2029-04-09 03:39:03.272727,2029-04-07,2029-04-21 09:12:39.272727,13 days 18:49:57.818182
126,sl_730_2,250.0,250.0,9750.0,37.72727272727268,51.02272727272732,2029-04-21 09:39:55.636363,2029-04-22 23:23:33.818181,2029-04-21,2029-05-05 04:57:09.818181,13 days 19:17:14.181818
127,sl_730_2,250.0,250.0,10000.0,38.18181818181813,51.81818181818187,2029-05-05 05:24:26.181818,2029-05-06 19:35:20.727273,2029-05-05,2029-05-19 01:08:56.727273,13 days 19:44:30.545455
128,sl_730_2,250.0,250.0,10250.0,38.63636363636358,52.61363636363642,2029-05-19 01:36:13.090909,2029-05-20 16:14:24.000000,2029-05-19,2029-06-01 21:48:00.000000,13 days 20:11:46.909091
129,sl_730_2,250.0,250.0,10500.0,39.09090909090904,53.40909090909096,2029-06-01 22:15:16.363636,2029-06-03 13:20:43.636363,2029-06-01,2029-06-15 18:54:19.636363,13 days 20:39:03.272727
130,sl_730_2,250.0,250.0,10750.0,39.54545454545449,54.20454545454551,2029-06-15 19:21:36.000000,2029-06-17 10:54:19.636364,2029-06-15,2029-06-29 16:27:55.636364,13 days 21:06:19.636364
131,sl_730_2,250.0,250.0,11000.0,39.99999999999994,55.00000000000006,2029-06-29 16:55:12.000000,2029-07-01 08:55:12.000000,2029-06-29,2029-07-13 14:28:48.000000,13 days 21:33:36
132,sl_730_2,250.0,250.0,11250.0,40.454545454545396,55.795454545454604,2029-07-13 14:56:04.363636,2029-07-15 07:23:20.727272,2029-07-13,2029-07-27 12:56:56.727272,13 days 22:00:52.363636
133,sl_730_2,250.0,250.0,11500.0,40.90909090909085,56.59090909090915,2029-07-27 13:24:13.090909,2029-07-29 06:18:45.818182,2029-07-27,2029-08-10 11:52:21.818182,13 days 22:28:08.727273
134,sl_730_2,250.0,250.0,11750.0,41.3636363636363,57.3863636363637,2029-08-10 12:19:38.181818,2029-08-12 05:41:27.272727,2029-08-10,2029-08-24 11:15:03.272727,13 days 22:55:25.090909
135,sl_730_2,250.0,250.0,12000.0,41.818181818181756,58.181818181818244,2029-08-24 11:42:19.636363,2029-08-26 05:31:25.090908,2029-08-24,2029-09-07 11:05:01.090908,13 days 23:22:41.454545
136,sl_730_2,250.0,250.0,12250.0,42.27272727272721,58.97727272727279,2029-09-07 11:32:17.454545,2029-09-09 05:48:39.272727,2029-09-07,2029-09-21 11:22:15.272727,13 days 23:49:57.818182
137,sl_730_2,250.0,250.0,12500.0,42.72727272727266,59.77272727272734,2029-09-21 11:49:31.636363,2029-09-23 06:33:09.818181,2029-09-21,2029-10-05 12:06:45.818181,14 days 00:17:14.181818
138,sl_730_2,250.0,250.0,12750.0,43.181818181818116,60.568181818181884,2029-10-05 12:34:02.181818,2029-10-07 07:44:56.727273,2029-10-05,2029-10-19 13:18:32.727273,14 days 00:44:30.545455
139,sl_730_2,250.0,250.0,13000.0,43.63636363636357,61.36363636363643,2029-10-19 13:45:49.090909,2029-10-21 09:24:00.000000,2029-10-19,2029-11-02 14:57:36.000000,14 days 01:11:46.909091
140,sl_730_2,250.0,250.0,13250.0,44.09090909090902,62.15909090909098,2029-11-02 15:24:52.363636,2029-11-04 11:30:19.636363,2029-11-02,2029-11-16 17:03:55.636363,14 days 01:39:03.272727
141,sl_730_2,250.0,250.0,13500.0,44.545454545454476,62.954545454545524,2029-11-16 17:31:12.000000,2029-11-18 14:03:55.636364,2029-11-16,2029-11-30 19:37:31.636364,14 days 02:06:19.636364
142,sl_730_2,250.0,250.0,13750.0,44.99999999999993,63.75000000000007,2029-11-30 20:04:48.000000,2029-12-02 17:04:48.000000,2029-11-30,2029-12-14 22:38:24.000000,14 days 02:33:36
143,sl_730_2,250.0,250.0,14000.0,45.45454545454538,64.54545454545462,2029-12-14 23:05:40.363636,2029-12-16 20:32:56.727272,2029-12-14,2029-12-29 02:06:32.727272,14 days 03:00:52.363636
144,sl_730_2,250.0,250.0,14250.0,45.909090909090835,65.34090909090916,2029-12-29 02:33:49.090909,2029-12-31 00:28:21.818182,2029-12-29,2030-01-12 06:01:57.818182,14 days 03:28:08.727273
145,sl_730_2,250.0,250.0,14500.0,46.36363636363629,66.13636363636371,2030-01-12 06:29:14.181818,2030-01-14 04:51:03.272727,2030-01-12,2030-01-26 10:24:39.272727,14 days 03:55:25.090909
146,sl_730_2,250.0,250.0,14750.0,46.81818181818174,66.93181818181826,2030-01-26 10:51:55.636363,2030-01-28 09:41:01.090908,2030-01-26,2030-02-09 15:14:37.090908,14 days 04:22:41.454545
147,sl_730_2,250.0,250.0,15000.0,47.272727272727195,67.7272727272728,2030-02-09 15:41:53.454545,2030-02-11 14:58:15.272727,2030-02-09,2030-02-23 20:31:51.272727,14 days 04:49:57.818182
148,sl_730_2,250.0,250.0,15250.0,47.72727272727265,68.52272727272735,2030-02-23 20:59:07.636363,2030-02-25 20:42:45.818181,2030-02-23,2030-03-10 02:16:21.818181,14 days 05:17:14.181818
149,sl_730_2,250.0,250.0,15500.0,48.1818181818181,69.3181818181819,2030-03-10 02:43:38.181818,2030-03-12 02:54:32.727273,2030-03-10,2030-03-24 08:28:08.727273,14 days 05:44:30.545455
150,sl_730_2,250.0,250.0,15750.0,48.636363636363555,70.11363636363645,2030-03-24 08:55:25.090909,2030-03-26 09:33:36.000000,2030-03-24,2030-04-07 15:07:12.000000,14 days 06:11:46.909091
151,sl_730_2,250.0,250.0,16000.0,49.09090909090901,70.90909090909099,2030-04-07 15:34:28.363636,2030-04-09 16:39:55.636363,2030-04-07,2030-04-21 22:13:31.636363,14 days 06:39:03.272727
152,sl_730_2,250.0,250.0,16250.0,49.54545454545446,71.70454545454554,2030-04-21 22:40:48.000000,2030-04-24 00:13:31.636364,2030-04-21,2030-05-06 05:47:07.636364,14 days 07:06:19.636364
153,sl_730_2,250.0,250.0,16500.0,49.999999999999915,72.50000000000009,2030-05-06 06:14:24.000000,2030-05-08 08:14:24.000000,2030-05-06,2030-05-20 13:48:00.000000,14 days 07:33:36
154,sl_730_2,250.0,250.0,16750.0,50.45454545454537,73.29545454545463,2030-05-20 14:15:16.363636,2030-05-22 16:42:32.727272,2030-05-20,2030-06-03 22:16:08.727272,14 days 08:00:52.363636
155,sl_730_2,250.0,250.0,17000.0,50.90909090909082,74.09090909090918,2030-06-03 22:43:25.090909,2030-06-06 01:37:57.818182,2030-06-03,2030-06-18 07:11:33.818182,14 days 08:28:08.727273
156,sl_730_2,250.0,250.0,17250.0,51.363636363636274,74.88636363636373,2030-06-18 07:38:50.181818,2030-06-20 11:00:39.272727,2030-06-18,2030-07-02 16:34:15.272727,14 days 08:55:25.090909
157,sl_730_2,250.0,250.0,17500.0,51.81818181818173,75.68181818181827,2030-07-02 17:01:31.636363,2030-07-04 20:50:37.090908,2030-07-02,2030-07-17 02:24:13.090908,14 days 09:22:41.454545
158,sl_730_2,250.0,250.0,17750.0,52.27272727272718,76.47727272727282,2030-07-17 02:51:29.454545,2030-07-19 07:07:51.272727,2030-07-17,2030-07-31 12:41:27.272727,14 days 09:49:57.818182
159,sl_730_2,250.0,250.0,18000.0,52.727272727272634,77.27272727272737,2030-07-31 13:08:43.636363,2030-08-02 17:52:21.818181,2030-07-31,2030-08-14 23:25:57.818181,14 days 10:17:14.181818
160,sl_730_2,250.0,250.0,18250.0,53.18181818181809,78.06818181818191,2030-08-14 23:53:14.181818,2030-08-17 05:04:08.727273,2030-08-14,2030-08-29 10:37:44.727273,14 days 10:44:30.545455
161,sl_730_2,250.0,250.0,18500.0,53.63636363636354,78.86363636363646,2030-08-29 11:05:01.090909,2030-08-31 16:43:12.000000,2030-08-29,2030-09-12 22:16:48.000000,14 days 11:11:46.909091
162,sl_730_2,250.0,250.0,18750.0,54.090909090908994,79.659090909091,2030-09-12 22:44:04.363636,2030-09-15 04:49:31.636363,2030-09-12,2030-09-27 10:23:07.636363,14 days 11:39:03.272727
163,sl_730_2,250.0,250.0,19000.0,54.54545454545445,80.45454545454555,2030-09-27 10:50:24.000000,2030-09-29 17:23:07.636364,2030-09-27,2030-10-11 22:56:43.636364,14 days 12:06:19.636364
164,sl_730_2,250.0,250.0,19250.0,54.9999999999999,81.2500000000001,2030-10-11 23:24:00.000000,2030-10-14 06:24:00.000000,2030-10-11,2030-10-26 11:57:36.000000,14 days 12:33:36
165,sl_730_2,250.0,250.0,19500.0,55.454545454545354,82.04545454545465,2030-10-26 12:24:52.363636,2030-10-28 19:52:08.727272,2030-10-26,2030-11-10 01:25:44.727272,14 days 13:00:52.363636
166,sl_730_2,250.0,250.0,19750.0,55.90909090909081,82.8409090909092,2030-11-10 01:53:01.090909,2030-11-12 09:47:33.818182,2030-11-10,2030-11-24 15:21:09.818182,14 days 13:28:08.727273
167,sl_730_2,250.0,250.0,20000.0,56.36363636363626,83.63636363636374,2030-11-24 15:48:26.181818,2030-11-27 00:10:15.272727,2030-11-24,2030-12-09 05:43:51.272727,14 days 13:55:25.090909
168,sl_730_2,250.0,250.0,20250.0,56.81818181818171,84.43181818181829,2030-12-09 06:11:07.636363,2030-12-11 15:00:13.090908,2030-12-09,2030-12-23 20:33:49.090908,14 days 14:22:41.454545
169,sl_730_2,250.0,250.0,20500.0,57.27272727272717,85.22727272727283,2030-12-23 21:01:05.454545,2030-12-26 06:17:27.272727,2030-12-23,2031-01-07 11:51:03.272727,14 days 14:49:57.818182
170,sl_730_2,250.0,250.0,20750.0,57.72727272727262,86.02272727272738,2031-01-07 12:18:19.636363,2031-01-09 22:01:57.818181,2031-01-07,2031-01-22 03:35:33.818181,14 days 15:17:14.181818
171,sl_730_2,250.0,250.0,21000.0,58.18181818181807,86.81818181818193,2031-01-22 04:02:50.181818,2031-01-24 14:13:44.727273,2031-01-22,2031-02-05 19:47:20.727273,14 days 15:44:30.545455
172,sl_730_2,250.0,250.0,21250.0,58.63636363636353,87.61363636363647,2031-02-05 20:14:37.090909,2031-02-08 06:52:48.000000,2031-02-05,2031-02-20 12:26:24.000000,14 days 16:11:46.909091
173,sl_730_2,250.0,250.0,21500.0,59.09090909090898,88.40909090909102,2031-02-20 12:53:40.363636,2031-02-22 23:59:07.636363,2031-02-20,2031-03-07 05:32:43.636363,14 days 16:39:03.272727
174,sl_730_2,250.0,250.0,21750.0,59.54545454545443,89.20454545454557,2031-03-07 06:00:00.000000,2031-03-09 17:32:43.636364,2031-03-07,2031-03-21 23:06:19.636364,14 days 17:06:19.636364
175,sl_730_2,250.0,250.0,22000.0,59.999999999999886,90.00000000000011,2031-03-21 23:33:36.000000,2031-03-24 11:33:36.000000,2031-03-21,2031-04-05 17:07:12.000000,14 days 17:33:36
176,sl_730_2,250.0,250.0,22250.0,60.45454545454534,90.79545454545466,2031-04-05 17:34:28.363636,2031-04-08 06:01:44.727272,2031-04-05,2031-04-20 11:35:20.727272,14 days 18:00:52.363636
177,sl_730_2,250.0,250.0,22500.0,60.90909090909079,91.59090909090921,2031-04-20 12:02:37.090909,2031-04-23 00:57:09.818182,2031-04-20,2031-05-05 06:30:45.818182,14 days 18:28:08.727273
178,sl_730_2,250.0,250.0,22750.0,61.363636363636246,92.38636363636375,2031-05-05 06:58:02.181818,2031-05-07 20:19:51.272727,2031-05-05,2031-05-20 01:53:27.272727,14 days 18:55:25.090909
179,sl_730_2,250.0,250.0,23000.0,61.8181818181817,93.1818181818183,2031-05-20 02:20:43.636363,2031-05-22 16:09:49.090908,2031-05-20,2031-06-03 21:43:25.090908,14 days 19:22:41.454545
180,sl_730_2,250.0,250.0,23250.0,62.27272727272715,93.97727272727285,2031-06-03 22:10:41.454545,2031-06-06 12:27:03.272727,2031-06-03,2031-06-18 18:00:39.272727,14 days 19:49:57.818182
181,sl_730_2,250.0,250.0,23500.0,62.727272727272606,94.7727272727274,2031-06-18 18:27:55.636363,2031-06-21 09:11:33.818181,2031-06-18,2031-07-03 14:45:09.818181,14 days 20:17:14.181818
182,sl_730_2,250.0,250.0,23750.0,63.18181818181806,95.56818181818194,2031-07-03 15:12:26.181818,2031-07-06 06:23:20.727273,2031-07-03,2031-07-18 11:56:56.727273,14 days 20:44:30.545455
183,sl_730_2,250.0,250.0,24000.0,63.63636363636351,96.36363636363649,2031-07-18 12:24:13.090909,2031-07-21 04:02:24.000000,2031-07-18,2031-08-02 09:36:00.000000,14 days 21:11:46.909091
184,sl_730_2,250.0,250.0,24250.0,64.09090909090897,97.15909090909103,2031-08-02 10:03:16.363636,2031-08-05 02:08:43.636363,2031-08-02,2031-08-17 07:42:19.636363,14 days 21:39:03.272727
185,sl_730_2,250.0,250.0,24500.0,64.54545454545442,97.95454545454558,2031-08-17 08:09:36.000000,2031-08-20 00:42:19.636364,2031-08-17,2031-09-01 06:15:55.636364,14 days 22:06:19.636364
186,sl_730_2,250.0,250.0,24750.0,64.99999999999987,98.75000000000013,2031-09-01 06:43:12.000000,2031-09-03 23:43:12.000000,2031-09-01,2031-09-16 05:16:48.000000,14 days 22:33:36
187,sl_730_2,250.0,250.0,25000.0,65.45454545454533,99.54545454545467,2031-09-16 05:44:04.363636,2031-09-18 23:11:20.727272,2031-09-16,2031-10-01 04:44:56.727272,14 days 23:00:52.363636
188,sl_730_2,250.0,250.0,25250.0,65.90909090909078,100.34090909090922,2031-10-01 05:12:13.090909,2031-10-03 23:06:45.818182,2031-10-01,2031-10-16 04:40:21.818182,14 days 23:28:08.727273
189,sl_730_2,250.0,250.0,25500.0,66.36363636363623,101.13636363636377,2031-10-16 05:07:38.181818,2031-10-18 23:29:27.272727,2031-10-16,2031-10-31 05:03:03.272727,14 days 23:55:25.090909
190,sl_730_2,250.0,250.0,25750.0,66.81818181818169,101.93181818181831,2031-10-31 05:30:19.636363,2031-11-03 00:19:25.090908,2031-10-31,2031-11-15 05:53:01.090908,15 days 00:22:41.454545
191,sl_730_2,250.0,250.0,26000.0,67.27272727272714,102.72727272727286,2031-11-15 06:20:17.454545,2031-11-18 01:36:39.272727,2031-11-15,2031-11-30 07:10:15.272727,15 days 00:49:57.818182
192,sl_730_2,250.0,250.0,26250.0,67.72727272727259,103.52272727272741,2031-11-30 07:37:31.636363,2031-12-03 03:21:09.818181,2031-11-30,2031-12-15 08:54:45.818181,15 days 01:17:14.181818
193,sl_730_2,250.0,250.0,26500.0,68.18181818181804,104.31818181818196,2031-12-15 09:22:02.181818,2031-12-18 05:32:56.727273,2031-12-15,2031-12-30 11:06:32.727273,15 days 01:44:30.545455
194,sl_730_2,250.0,250.0,26750.0,68.6363636363635,105.1136363636365,2031-12-30 11:33:49.090909,2032-01-02 08:12:00.000000,2031-12-30,2032-01-14 13:45:36.000000,15 days 02:11:46.909091
195,sl_730_2,250.0,250.0,27000.0,69.09090909090895,105.90909090909105,2032-01-14 14:12:52.363636,2032-01-17 11:18:19.636363,2032-01-14,2032-01-29 16:51:55.636363,15 days 02:39:03.272727
196,sl_730_2,250.0,250.0,27250.0,69.5454545454544,106.7045454545456,2032-01-29 17:19:12.000000,2032-02-01 14:51:55.636364,2032-01-29,2032-02-13 20:25:31.636364,15 days 03:06:19.636364
197,sl_730_2,250.0,250.0,27500.0,69.99999999999986,107.50000000000014,2032-02-13 20:52:48.000000,2032-02-16 18:52:48.000000,2032-02-13,2032-02-29 00:26:24.000000,15 days 03:33:36
198,sl_730_2,250.0,250.0,27750.0,70.45454545454531,108.29545454545469,2032-02-29 00:53:40.363636,2032-03-02 23:20:56.727272,2032-02-29,2032-03-15 04:54:32.727272,15 days 04:00:52.363636
199,sl_730_2,250.0,250.0,28000.0,70.90909090909076,109.09090909090924,2032-03-15 05:21:49.090909,2032-03-18 04:16:21.818182,2032-03-15,2032-03-30 09:49:57.818182,15 days 04:28:08.727273
200,sl_730_2,250.0,250.0,28250.0,71.36363636363622,109.88636363636378,2032-03-30 10:17:14.181818,2032-04-02 09:39:03.272727,2032-03-30,2032-04-14 15:12:39.272727,15 days 04:55:25.090909
201,sl_730_2,250.0,250.0,28500.0,71.81818181818167,110.68181818181833,2032-04-14 15:39:55.636363,2032-04-17 15:29:01.090908,2032-04-14,2032-04-29 21:02:37.090908,15 days 05:22:41.454545
202,sl_730_2,250.0,250.0,28750.0,72.27272727272712,111.47727272727288,2032-04-29 21:29:53.454545,2032-05-02 21:46:15.272727,2032-04-29,2032-05-15 03:19:51.272727,15 days 05:49:57.818182
203,sl_730_2,250.0,250.0,29000.0,72.72727272727258,112.27272727272742,2032-05-15 03:47:07.636363,2032-05-18 04:30:45.818181,2032-05-15,2032-05-30 10:04:21.818181,15 days 06:17:14.181818
204,sl_730_2,250.0,250.0,29250.0,73.18181818181803,113.06818181818197,2032-05-30 10:31:38.181818,2032-06-02 11:42:32.727273,2032-05-30,2032-06-14 17:16:08.727273,15 days 06:44:30.545455
205,sl_730_2,250.0,250.0,29500.0,73.63636363636348,113.86363636363652,2032-06-14 17:43:25.090909,2032-06-17 19:21:36.000000,2032-06-14,2032-06-30 00:55:12.000000,15 days 07:11:46.909091
206,sl_730_2,250.0,250.0,29750.0,74.09090909090894,114.65909090909106,2032-06-30 01:22:28.363636,2032-07-03 03:27:55.636363,2032-06-30,2032-07-15 09:01:31.636363,15 days 07:39:03.272727
207,sl_730_2,250.0,250.0,30000.0,74.54545454545439,115.45454545454561,2032-07-15 09:28:48.000000,2032-07-18 12:01:31.636364,2032-07-15,2032-07-30 17:35:07.636364,15 days 08:06:19.636364
208,sl_730_2,250.0,250.0,30250.0,74.99999999999984,116.25000000000016,2032-07-30 18:02:24.000000,2032-08-02 21:02:24.000000,2032-07-30,2032-08-15 02:36:00.000000,15 days 08:33:36
209,sl_730_2,250.0,250.0,30500.0,75.4545454545453,117.0454545454547,2032-08-15 03:03:16.363636,2032-08-18 06:30:32.727272,2032-08-15,2032-08-30 12:04:08.727272,15 days 09:00:52.363636
210,sl_730_2,250.0,250.0,30750.0,75.90909090909075,117.84090909090925,2032-08-30 12:31:25.090909,2032-09-02 16:25:57.818182,2032-08-30,2032-09-14 21:59:33.818182,15 days 09:28:08.727273
211,sl_730_2,250.0,250.0,31000.0,76.3636363636362,118.6363636363638,2032-09-14 22:26:50.181818,2032-09-18 02:48:39.272727,2032-09-14,2032-09-30 08:22:15.272727,15 days 09:55:25.090909
212,sl_730_2,250.0,250.0,31250.0,76.81818181818166,119.43181818181834,2032-09-30 08:49:31.636363,2032-10-03 13:38:37.090908,2032-09-30,2032-10-15 19:12:13.090908,15 days 10:22:41.454545
213,sl_730_2,250.0,250.0,31500.0,77.27272727272711,120.22727272727289,2032-10-15 19:39:29.454545,2032-10-19 00:55:51.272727,2032-10-15,2032-10-31 06:29:27.272727,15 days 10:49:57.818182
214,sl_730_2,250.0,250.0,31750.0,77.72727272727256,121.02272727272744,2032-10-31 06:56:43.636363,2032-11-03 12:40:21.818181,2032-10-31,2032-11-15 18:13:57.818181,15 days 11:17:14.181818
215,sl_730_2,250.0,250.0,32000.0,78.18181818181802,121.81818181818198,2032-11-15 18:41:14.181818,2032-11-19 00:52:08.727273,2032-11-15,2032-12-01 06:25:44.727273,15 days 11:44:30.545455
216,sl_730_2,250.0,250.0,32250.0,78.63636363636347,122.61363636363653,2032-12-01 06:53:01.090909,2032-12-04 13:31:12.000000,2032-12-01,2032-12-16 19:04:48.000000,15 days 12:11:46.909091
217,sl_730_2,250.0,250.0,32500.0,79.09090909090892,123.40909090909108,2032-12-16 19:32:04.363636,2032-12-20 02:37:31.636363,2032-12-16,2033-01-01 08:11:07.636363,15 days 12:39:03.272727
218,sl_730_2,250.0,250.0,32750.0,79.54545454545438,124.20454545454562,2033-01-01 08:38:24.000000,2033-01-04 16:11:07.636364,2033-01-01,2033-01-16 21:44:43.636364,15 days 13:06:19.636364
219,sl_730_2,250.0,250.0,33000.0,79.99999999999983,125.00000000000017,2033-01-16 22:12:00.000000,2033-01-20 06:12:00.000000,2033-01-16,2033-02-01 11:45:36.000000,15 days 13:33:36
220,sl_730_2,250.0,250.0,33250.0,80.45454545454528,125.79545454545472,2033-02-01 12:12:52.363636,2033-02-04 20:40:08.727272,2033-02-01,2033-02-17 02:13:44.727272,15 days 14:00:52.363636
221,sl_730_2,250.0,250.0,33500.0,80.90909090909074,126.59090909090926,2033-02-17 02:41:01.090909,2033-02-20 11:35:33.818182,2033-02-17,2033-03-04 17:09:09.818182,15 days 14:28:08.727273
222,sl_730_2,250.0,250.0,33750.0,81.36363636363619,127.38636363636381,2033-03-04 17:36:26.181818,2033-03-08 02:58:15.272727,2033-03-04,2033-03-20 08:31:51.272727,15 days 14:55:25.090909
223,sl_730_2,250.0,250.0,34000.0,81.81818181818164,128.18181818181836,2033-03-20 08:59:07.636363,2033-03-23 18:48:13.090908,2033-03-20,2033-04-05 00:21:49.090908,15 days 15:22:41.454545
224,sl_730_2,250.0,250.0,34250.0,82.2727272727271,128.9772727272729,2033-04-05 00:49:05.454545,2033-04-08 11:05:27.272727,2033-04-05,2033-04-20 16:39:03.272727,15 days 15:49:57.818182
225,sl_730_2,250.0,250.0,34500.0,82.72727272727255,129.77272727272742,2033-04-20 17:06:19.636363,2033-04-24 03:49:57.818181,2033-04-20,2033-05-06 09:23:33.818181,15 days 16:17:14.181818
226,sl_730_2,250.0,250.0,34750.0,83.181818181818,130.56818181818196,2033-05-06 09:50:50.181818,2033-05-09 21:01:44.727273,2033-05-06,2033-05-22 02:35:20.727273,15 days 16:44:30.545455
227,sl_730_2,250.0,250.0,35000.0,83.63636363636346,131.3636363636365,2033-05-22 03:02:37.090909,2033-05-25 14:40:48.000000,2033-05-22,2033-06-06 20:14:24.000000,15 days 17:11:46.909091
228,sl_730_2,250.0,250.0,35250.0,84.09090909090891,132.15909090909102,2033-06-06 20:41:40.363636,2033-06-10 08:47:07.636363,2033-06-06,2033-06-22 14:20:43.636363,15 days 17:39:03.272727
229,sl_730_2,250.0,250.0,35500.0,84.54545454545436,132.95454545454555,2033-06-22 14:48:00.000000,2033-06-26 03:20:43.636364,2033-06-22,2033-07-08 08:54:19.636364,15 days 18:06:19.636364
230,sl_730_2,250.0,250.0,35750.0,84.99999999999982,133.75000000000009,2033-07-08 09:21:36.000000,2033-07-11 22:21:36.000000,2033-07-08,2033-07-24 03:55:12.000000,15 days 18:33:36
231,sl_730_2,250.0,250.0,36000.0,85.45454545454527,134.54545454545462,2033-07-24 04:22:28.363636,2033-07-27 17:49:44.727272,2033-07-24,2033-08-08 23:23:20.727272,15 days 19:00:52.363636
232,sl_730_2,250.0,250.0,36250.0,85.90909090909072,135.34090909090915,2033-08-08 23:50:37.090909,2033-08-12 13:45:09.818182,2033-08-08,2033-08-24 19:18:45.818182,15 days 19:28:08.727273
233,sl_730_2,250.0,250.0,36500.0,86.36363636363618,136.13636363636368,2033-08-24 19:46:02.181818,2033-08-28 10:07:51.272727,2033-08-24,2033-09-09 15:41:27.272727,15 days 19:55:25.090909
234,sl_730_2,250.0,250.0,36750.0,86.81818181818163,136.93181818181822,2033-09-09 16:08:43.636363,2033-09-13 06:57:49.090908,2033-09-09,2033-09-25 12:31:25.090908,15 days 20:22:41.454545
235,sl_730_2,250.0,250.0,37000.0,87.27272727272708,137.72727272727275,2033-09-25 12:58:41.454545,2033-09-29 04:15:03.272727,2033-09-25,2033-10-11 09:48:39.272727,15 days 20:49:57.818182
236,sl_730_2,250.0,250.0,37250.0,87.72727272727253,138.52272727272728,2033-10-11 10:15:55.636363,2033-10-15 01:59:33.818181,2033-10-11,2033-10-27 07:33:09.818181,15 days 21:17:14.181818
237,sl_730_2,250.0,250.0,37500.0,88.18181818181799,139.3181818181818,2033-10-27 08:00:26.181818,2033-10-31 00:11:20.727273,2033-10-27,2033-11-12 05:44:56.727273,15 days 21:44:30.545455
238,sl_730_2,250.0,250.0,37750.0,88.63636363636344,140.11363636363635,2033-11-12 06:12:13.090909,2033-11-15 22:50:24.000000,2033-11-12,2033-11-28 04:24:00.000000,15 days 22:11:46.909091
239,sl_730_2,250.0,250.0,38000.0,89.0909090909089,140.90909090909088,2033-11-28 04:51:16.363636,2033-12-01 21:56:43.636363,2033-11-28,2033-12-14 03:30:19.636363,15 days 22:39:03.272727
240,sl_730_2,250.0,250.0,38250.0,89.54545454545435,141.7045454545454,2033-12-14 03:57:36.000000,2033-12-17 21:30:19.636364,2033-12-14,2033-12-30 03:03:55.636364,15 days 23:06:19.636364
241,sl_730_2,250.0,250.0,38500.0,89.9999999999998,142.49999999999994,2033-12-30 03:31:12.000000,2034-01-02 21:31:12.000000,2033-12-30,2034-01-15 03:04:48.000000,15 days 23:33:36
242,sl_730_2,250.0,250.0,38750.0,90.45454545454525,143.29545454545448,2034-01-15 03:32:04.363636,2034-01-18 21:59:20.727272,2034-01-15,2034-01-31 03:32:56.727272,16 days 00:00:52.363636
243,sl_730_2,250.0,250.0,39000.0,90.90909090909071,144.090909090909,2034-01-31 04:00:13.090909,2034-02-03 22:54:45.818182,2034-01-31,2034-02-16 04:28:21.818182,16 days 00:28:08.727273
244,sl_730_2,250.0,250.0,39250.0,91.36363636363616,144.88636363636354,2034-02-16 04:55:38.181818,2034-02-20 00:17:27.272727,2034-02-16,2034-03-04 05:51:03.272727,16 days 00:55:25.090909
245,sl_730_2,250.0,250.0,39500.0,91.81818181818161,145.68181818181807,2034-03-04 06:18:19.636363,2034-03-08 02:07:25.090908,2034-03-04,2034-03-20 07:41:01.090908,16 days 01:22:41.454545
246,sl_730_2,250.0,250.0,39750.0,92.27272727272707,146.4772727272726,2034-03-20 08:08:17.454545,2034-03-24 04:24:39.272727,2034-03-20,2034-04-05 09:58:15.272727,16 days 01:49:57.818182
247,sl_730_2,250.0,250.0,40000.0,92.72727272727252,147.27272727272714,2034-04-05 10:25:31.636363,2034-04-09 07:09:09.818181,2034-04-05,2034-04-21 12:42:45.818181,16 days 02:17:14.181818
248,sl_730_2,250.0,250.0,40250.0,93.18181818181797,148.06818181818167,2034-04-21 13:10:02.181818,2034-04-25 10:20:56.727273,2034-04-21,2034-05-07 15:54:32.727273,16 days 02:44:30.545455
249,sl_730_2,250.0,250.0,40500.0,93.63636363636343,148.8636363636362,2034-05-07 16:21:49.090909,2034-05-11 14:00:00.000000,2034-05-07,2034-05-23 19:33:36.000000,16 days 03:11:46.909091
250,sl_730_2,250.0,250.0,40750.0,94.09090909090888,149.65909090909074,2034-05-23 20:00:52.363636,2034-05-27 18:06:19.636363,2034-05-23,2034-06-08 23:39:55.636363,16 days 03:39:03.272727
251,sl_730_2,250.0,250.0,41000.0,94.54545454545433,150.45454545454527,2034-06-09 00:07:12.000000,2034-06-12 22:39:55.636364,2034-06-09,2034-06-25 04:13:31.636364,16 days 04:06:19.636364
252,sl_730_2,250.0,250.0,41250.0,94.99999999999979,151.2499999999998,2034-06-25 04:40:48.000000,2034-06-29 03:40:48.000000,2034-06-25,2034-07-11 09:14:24.000000,16 days 04:33:36
253,sl_730_2,250.0,250.0,41500.0,95.45454545454524,152.04545454545433,2034-07-11 09:41:40.363636,2034-07-15 09:08:56.727272,2034-07-11,2034-07-27 14:42:32.727272,16 days 05:00:52.363636
254,sl_730_2,250.0,250.0,41750.0,95.9090909090907,152.84090909090887,2034-07-27 15:09:49.090909,2034-07-31 15:04:21.818182,2034-07-27,2034-08-12 20:37:57.818182,16 days 05:28:08.727273
255,sl_730_2,250.0,250.0,42000.0,96.36363636363615,153.6363636363634,2034-08-12 21:05:14.181818,2034-08-16 21:27:03.272727,2034-08-12,2034-08-29 03:00:39.272727,16 days 05:55:25.090909
256,sl_730_2,250.0,250.0,42250.0,96.8181818181816,154.43181818181793,2034-08-29 03:27:55.636363,2034-09-02 04:17:01.090908,2034-08-29,2034-09-14 09:50:37.090908,16 days 06:22:41.454545
